exp_id,family,description,seed,layers,num_layers,params,activation,dropout,dropout_layers,batch_norm,l2_reg,optimizer,learning_rate,batch_size,es_monitor,epochs_trained,best_epoch,train_loss,val_loss,val_auc,val_accuracy,val_precision,val_recall,val_f1,val_log_loss,val_brier,train_time_sec
EXP_02_ARCH_32_16,Familia_A_Pequenas,Red compacta 44->32->16->1,42,"[32, 16]",2,1985,relu,0.2,all_except_last,False,0.0,Adam,0.001,128,val_loss,54,42,0.5842,0.59,0.75225,0.689,0.6887,0.6898,0.6892,0.59,0.2022,6.7
EXP_34_REF_64_32_16_LR5_D15_ESAUC,Refinamiento,"Red [64, 32, 16] (lr=0.0005, drop=0.15, ES val_auc)",42,"[64, 32, 16]",3,5505,relu,0.15,first_two,False,0.0,Adam,0.0005,128,val_auc,44,32,0.5869,0.5909,0.75225,0.6871,0.6872,0.6868,0.687,0.5909,0.2026,6.1
EXP_37_REF_32_16_LEAKY_LR5,Refinamiento,"Red [32, 16] con LeakyReLU (lr=0.0005, drop=0.15)",42,"[32, 16]",2,1985,leaky_relu,0.15,all_except_last,False,0.0,Adam,0.0005,128,val_loss,83,71,0.5862,0.5894,0.75224,0.6907,0.6905,0.6914,0.6909,0.5894,0.2021,9.3
EXP_31_REF_32_16_LR5_ESAUC,Refinamiento,"Red [32, 16] optimizada (lr=0.0005, drop=0.20, ES val_auc)",42,"[32, 16]",2,1985,relu,0.2,all_except_last,False,0.0,Adam,0.0005,128,val_auc,65,53,0.586,0.5901,0.75208,0.6893,0.6893,0.689,0.6891,0.5901,0.2023,7.8
EXP_12_LR_0005,Learning_Rate,Tasa de aprendizaje moderada lr=0.0005,42,"[64, 32, 16]",3,5505,relu,0.2,first_two,False,0.0,Adam,0.0005,128,val_loss,48,36,0.5893,0.5926,0.75187,0.6899,0.6885,0.6935,0.691,0.5926,0.2032,6.7
EXP_29_ES_VAL_AUC,Early_Stopping,Monitorear val_auc directamente con mode='max',42,"[64, 32, 16]",3,5505,relu,0.2,first_two,False,0.0,Adam,0.001,128,val_auc,35,23,0.5885,0.5927,0.75156,0.6905,0.692,0.6863,0.6891,0.5927,0.2033,5.0
EXP_35_REF_32_16_ADAMW_LR5,Refinamiento,"Red [32, 16] con AdamW (lr=0.0005, drop=0.15)",42,"[32, 16]",2,1985,relu,0.15,all_except_last,False,0.0,AdamW,0.0005,128,val_loss,52,40,0.5868,0.5906,0.75136,0.6891,0.6908,0.6847,0.6877,0.5906,0.2025,6.1
EXP_27_L2_1E3,L2_Regularization,Regularización L2 de pesos kernel l2=1e-3,42,"[64, 32, 16]",3,5505,relu,0.15,first_two,False,0.001,Adam,0.001,128,val_loss,54,42,0.5909,0.5988,0.75136,0.6885,0.684,0.7005,0.6921,0.5909,0.2027,7.5
EXP_30_REF_32_16_LR5_D15,Refinamiento,"Red [32, 16] optimizada (lr=0.0005, drop=0.15, Adam)",42,"[32, 16]",2,1985,relu,0.15,all_except_last,False,0.0,Adam,0.0005,128,val_loss,87,75,0.5831,0.5903,0.7513,0.6875,0.6875,0.6873,0.6874,0.5903,0.2025,10.0
EXP_18_DROP_10,Dropout,Dropout ligero (drop=0.10),42,"[64, 32, 16]",3,5505,relu,0.1,first_two,False,0.0,Adam,0.001,128,val_loss,32,20,0.5837,0.5909,0.75125,0.6871,0.6858,0.6906,0.6882,0.5909,0.2027,4.6
EXP_16_BS_256,Batch_Size,Tamaño de lote grande bs=256,42,"[64, 32, 16]",3,5505,relu,0.2,first_two,False,0.0,Adam,0.001,256,val_loss,33,21,0.5906,0.5925,0.75123,0.6879,0.6873,0.6895,0.6884,0.5925,0.2032,3.4
EXP_25_L2_1E5,L2_Regularization,Regularización L2 de pesos kernel l2=1e-5,42,"[64, 32, 16]",3,5505,relu,0.15,first_two,False,1e-05,Adam,0.001,128,val_loss,32,20,0.588,0.5936,0.75121,0.6859,0.686,0.6855,0.6857,0.5915,0.2029,4.9
EXP_26_L2_1E4,L2_Regularization,Regularización L2 de pesos kernel l2=1e-4,42,"[64, 32, 16]",3,5505,relu,0.15,first_two,False,0.0001,Adam,0.001,128,val_loss,42,30,0.5918,0.5998,0.75113,0.6866,0.683,0.6962,0.6895,0.5912,0.2028,6.0
EXP_28_OPT_ADAMW,Optimizer,Optimizador AdamW (weight_decay=1e-4),42,"[64, 32, 16]",3,5505,relu,0.15,first_two,False,0.0,AdamW,0.001,128,val_loss,25,13,0.5919,0.592,0.7511,0.6858,0.6859,0.6852,0.6856,0.592,0.203,3.8
EXP_22_ACT_LEAKY,Activacion,Activación LeakyReLU (alpha=0.1) vs ReLU,42,"[64, 32, 16]",3,5505,leaky_relu,0.2,first_two,False,0.0,Adam,0.001,128,val_loss,80,68,0.5828,0.5914,0.75094,0.6929,0.6927,0.6933,0.693,0.5914,0.2028,10.6
EXP_15_BS_64,Batch_Size,Tamaño de lote bs=64,42,"[64, 32, 16]",3,5505,relu,0.2,first_two,False,0.0,Adam,0.001,64,val_loss,22,10,0.5941,0.5932,0.7509,0.687,0.6835,0.6962,0.6898,0.5932,0.2035,5.2
EXP_13_LR_0020,Learning_Rate,Tasa de aprendizaje alta lr=0.0020,42,"[64, 32, 16]",3,5505,relu,0.2,first_two,False,0.0,Adam,0.002,128,val_loss,34,22,0.5866,0.5922,0.75089,0.6871,0.6809,0.7043,0.6924,0.5922,0.2031,4.9
EXP_11_LR_0003,Learning_Rate,Tasa de aprendizaje lr=0.0003,42,"[64, 32, 16]",3,5505,relu,0.2,first_two,False,0.0,Adam,0.0003,128,val_loss,45,33,0.5926,0.5934,0.75087,0.6877,0.6875,0.6879,0.6877,0.5934,0.2035,6.2
EXP_03_ARCH_48_24,Familia_A_Pequenas,Red compacta 44->48->24->1,42,"[48, 24]",2,3361,relu,0.2,all_except_last,False,0.0,Adam,0.001,128,val_loss,40,28,0.5829,0.5911,0.75082,0.6871,0.6879,0.6849,0.6864,0.5911,0.2028,5.2
EXP_01_BASELINE,Baseline,"Baseline exacto 44->64->32->16->1 (lr=1e-3, bs=128, drop=0.2)",42,"[64, 32, 16]",3,5505,relu,0.2,first_two,False,0.0,Adam,0.001,128,val_loss,48,36,0.5829,0.5927,0.75053,0.6902,0.6912,0.6873,0.6893,0.5927,0.2033,6.9
EXP_07_ARCH_128_64_32_16,Familia_C_Profundas,Red 4 capas 44->128->64->32->16->1,42,"[128, 64, 32, 16]",4,16641,relu,0.2,all_except_last,False,0.0,Adam,0.001,128,val_loss,25,13,0.5904,0.5933,0.75052,0.6822,0.6766,0.6978,0.687,0.5933,0.2036,4.9
EXP_19_DROP_15,Dropout,Dropout suave (drop=0.15),42,"[64, 32, 16]",3,5505,relu,0.15,first_two,False,0.0,Adam,0.001,128,val_loss,41,29,0.5822,0.5921,0.75043,0.6881,0.6888,0.686,0.6874,0.5921,0.2031,5.9
EXP_10_LR_0001,Learning_Rate,Tasa de aprendizaje baja lr=0.0001,42,"[64, 32, 16]",3,5505,relu,0.2,first_two,False,0.0,Adam,0.0001,128,val_loss,100,100,0.594,0.5936,0.75043,0.6871,0.6857,0.6908,0.6883,0.5936,0.2036,13.0
EXP_04_ARCH_64_32,Familia_A_Pequenas,Red 2 capas 44->64->32->1,42,"[64, 32]",2,4993,relu,0.2,all_except_last,False,0.0,Adam,0.001,128,val_loss,31,19,0.5851,0.5918,0.75038,0.6879,0.6938,0.6726,0.683,0.5918,0.203,4.2
EXP_14_BS_32,Batch_Size,Tamaño de lote pequeño bs=32,42,"[64, 32, 16]",3,5505,relu,0.2,first_two,False,0.0,Adam,0.001,32,val_loss,27,15,0.5895,0.5925,0.75029,0.6893,0.6833,0.7053,0.6942,0.5925,0.2033,10.9
EXP_08_ARCH_128_96_48_24,Familia_C_Profundas,Red 4 capas 44->128->96->48->24->1,42,"[128, 96, 48, 24]",4,24001,relu,0.2,all_except_last,False,0.0,Adam,0.001,128,val_loss,36,24,0.5829,0.5934,0.74982,0.6866,0.6851,0.6906,0.6878,0.5934,0.2036,7.3
EXP_20_DROP_30,Dropout,Dropout fuerte (drop=0.30),42,"[64, 32, 16]",3,5505,relu,0.3,first_two,False,0.0,Adam,0.001,128,val_loss,26,14,0.5958,0.5985,0.74963,0.6863,0.6854,0.6887,0.687,0.5985,0.2055,3.9
EXP_33_REF_48_24_LR5_ESAUC,Refinamiento,"Red [48, 24] optimizada (lr=0.0005, drop=0.20, ES val_auc)",42,"[48, 24]",2,3361,relu,0.2,all_except_last,False,0.0,Adam,0.0005,128,val_auc,48,36,0.5867,0.5917,0.74961,0.6859,0.689,0.6777,0.6833,0.5917,0.2032,5.7
EXP_23_BN_MED,Batch_Normalization,Red media 64->32->16 CON Batch Normalization,42,"[64, 32, 16]",3,5841,relu,0.15,first_two,True,0.0,Adam,0.001,128,val_loss,41,29,0.5834,0.5929,0.74937,0.6832,0.6806,0.6903,0.6854,0.5929,0.2034,6.9
EXP_06_ARCH_128_64_32,Familia_B_Medias,Red media 44->128->64->32->1,42,"[128, 64, 32]",3,16129,relu,0.2,all_except_last,False,0.0,Adam,0.001,128,val_loss,26,14,0.5872,0.5945,0.74927,0.6827,0.6828,0.6822,0.6825,0.5945,0.204,4.9
EXP_24_BN_DEEP,Batch_Normalization,Red profunda 128->64->32->16 CON Batch Normalization,42,"[128, 64, 32, 16]",4,17361,relu,0.15,all_except_last,True,0.0,Adam,0.001,128,val_loss,28,16,0.5854,0.5934,0.74925,0.6834,0.6837,0.6822,0.683,0.5934,0.2038,6.7
EXP_32_REF_48_24_LR5_D15,Refinamiento,"Red [48, 24] optimizada (lr=0.0005, drop=0.15, Adam)",42,"[48, 24]",2,3361,relu,0.15,all_except_last,False,0.0,Adam,0.0005,128,val_loss,48,36,0.5849,0.5922,0.74901,0.6866,0.6871,0.6849,0.686,0.5922,0.2033,5.7
EXP_05_ARCH_96_48_24,Familia_B_Medias,Red media 44->96->48->24->1,42,"[96, 48, 24]",3,10177,relu,0.2,all_except_last,False,0.0,Adam,0.001,128,val_loss,26,14,0.5895,0.5939,0.74899,0.6843,0.6865,0.6782,0.6823,0.5939,0.2039,4.3
EXP_09_ARCH_160_96_48_24,Familia_C_Profundas,Red 4 capas 44->160->96->48->24->1,42,"[160, 96, 48, 24]",4,28513,relu,0.2,all_except_last,False,0.0,Adam,0.001,128,val_loss,23,11,0.5897,0.5939,0.74897,0.6835,0.6776,0.7,0.6886,0.5939,0.2039,5.2
EXP_21_DROP_40,Dropout,Dropout muy alto (drop=0.40),42,"[64, 32, 16]",3,5505,relu,0.4,first_two,False,0.0,Adam,0.001,128,val_loss,21,9,0.6057,0.602,0.74844,0.6858,0.6834,0.6922,0.6878,0.602,0.207,3.3
EXP_36_REF_48_24_12_LR5_D15,Refinamiento,"Red 3 capas compacta [48, 24, 12] (lr=0.0005, drop=0.15)",42,"[48, 24, 12]",3,3649,relu,0.15,first_two,False,0.0,Adam,0.0005,128,val_loss,64,52,0.5869,0.5941,0.74764,0.6851,0.685,0.6852,0.6851,0.5941,0.2041,8.6
EXP_17_DROP_00,Dropout,Sin Dropout (drop=0.0),42,"[64, 32, 16]",3,5505,relu,0.0,all,False,0.0,Adam,0.001,128,val_loss,20,8,0.5812,0.5968,0.74471,0.6805,0.6746,0.6973,0.6858,0.5968,0.2052,2.9
