experiment_id,fase,family,description,arquitectura,número_de_parámetros,activación,learning_rate,dropout,dropout_layers,L2,optimizer,batch_size,patience,seed,Val_AUC,Val_Loss,Accuracy,Precision,Recall,F1,PR_AUC,Brier,mejor_época,epochs_trained,tiempo_entrenamiento
P3_12_OPT_PAT16,Fase_3,Bloque_3_Sintonizacion_Fina,"Red [64, 32, 16] con paciencia ampliada=16 épocas en val_auc","[64, 32, 16]",5505,relu,0.0005,0.15,first_two,0.0001,Adam,128,16,42,0.7525,0.6025,68.94,68.89,69.06,0.6897,0.74749,0.2025,29,45,6.3
P3_10_OPT_LR5_L2_3e5,Fase_3,Bloque_3_Sintonizacion_Fina,"Red [64, 32, 16] con lr=0.00050, drop=0.150, L2=3e-5","[64, 32, 16]",5505,relu,0.0005,0.15,first_two,3e-05,Adam,128,12,42,0.75229,0.596,68.82,68.94,68.49,0.6871,0.74789,0.2026,32,44,6.0
P3_06_ACT_ELU_64,Fase_3,Bloque_2_Nuevas_Activaciones_Suaves,"Red [64, 32, 16] con ELU (Exponential Linear Unit, L2=1e-4, lr=0.0005)","[64, 32, 16]",5505,elu,0.0005,0.15,first_two,0.0001,Adam,128,12,42,0.75226,0.6003,68.71,68.48,69.33,0.689,0.74763,0.2022,50,62,8.4
P3_11_OPT_ADAMW_WD3e5,Fase_3,Bloque_3_Sintonizacion_Fina,"Red [64, 32, 16] con AdamW (weight_decay=3e-5, lr=0.0005, drop=0.15)","[64, 32, 16]",5505,relu,0.0005,0.15,first_two,0.0,AdamW,128,12,42,0.75225,0.5909,68.71,68.72,68.68,0.687,0.74775,0.2026,32,44,6.1
P3_09_OPT_LR5_D175,Fase_3,Bloque_3_Sintonizacion_Fina,"Red [64, 32, 16] con lr=0.00050, drop=0.175, L2=1e-4","[64, 32, 16]",5505,relu,0.0005,0.175,first_two,0.0001,Adam,128,12,42,0.75211,0.6021,69.03,68.77,69.73,0.6925,0.74739,0.2026,67,79,10.4
P3_08_OPT_LR4_D15,Fase_3,Bloque_3_Sintonizacion_Fina,"Red [64, 32, 16] con lr=0.00040, drop=0.150, L2=1e-4","[64, 32, 16]",5505,relu,0.0004,0.15,first_two,0.0001,Adam,128,12,42,0.75192,0.6043,68.83,68.89,68.65,0.6877,0.74709,0.2028,29,41,5.7
P3_05_ACT_GELU_64,Fase_3,Bloque_2_Nuevas_Activaciones_Suaves,"Red [64, 32, 16] con GELU (Gaussian Error Linear Unit, L2=1e-4, lr=0.0005)","[64, 32, 16]",5505,gelu,0.0005,0.15,first_two,0.0001,Adam,128,12,42,0.75159,0.603,68.75,68.72,68.82,0.6877,0.74596,0.2027,29,41,6.5
P3_07_ACT_GELU_32,Fase_3,Bloque_2_Nuevas_Activaciones_Suaves,"Red compacta [32, 16] con GELU (lr=0.0005, drop=0.15)","[32, 16]",1985,gelu,0.0005,0.15,all_except_last,0.0,Adam,128,12,42,0.75109,0.5907,68.82,69.01,68.31,0.6866,0.74389,0.2026,39,51,6.1
P3_02_ARCH_48_32_16,Fase_3,Bloque_1_Arquitecturas_Punto_Dulce,"Ligera 3 niveles 44->48->32->16->1 (L2=1e-4, lr=0.0005, drop=0.15)","[48, 32, 16]",4273,relu,0.0005,0.15,first_two,0.0001,Adam,128,12,42,0.75101,0.6001,68.6,68.67,68.41,0.6854,0.74428,0.2029,44,56,7.3
P3_01_ARCH_56_32_16,Fase_3,Bloque_1_Arquitecturas_Punto_Dulce,"Compresión gradual 44->56->32->16->1 (L2=1e-4, lr=0.0005, drop=0.15)","[56, 32, 16]",4889,relu,0.0005,0.15,first_two,0.0001,Adam,128,12,42,0.7505,0.6002,68.22,68.12,68.47,0.6829,0.74659,0.2028,47,59,7.9
P3_04_ARCH_56_28,Fase_3,Bloque_1_Arquitecturas_Punto_Dulce,"Compacta 2 capas 44->56->28->1 (L2=1e-4, lr=0.0005, drop=0.15)","[56, 28]",4145,relu,0.0005,0.15,all_except_last,0.0001,Adam,128,12,42,0.7499,0.6011,68.75,68.48,69.49,0.6898,0.74593,0.203,37,49,6.0
P3_03_ARCH_64_40_20,Fase_3,Bloque_1_Arquitecturas_Punto_Dulce,"Capas intermedias densas 44->64->40->20->1 (L2=1e-4, lr=0.0005, drop=0.15)","[64, 40, 20]",6321,relu,0.0005,0.15,first_two,0.0001,Adam,128,12,42,0.74973,0.6075,68.56,68.34,69.16,0.6875,0.74464,0.2034,34,46,6.3
