epoch,acc,auc,learning_rate,loss,val_acc,val_auc,val_loss
0,0.59208744764328,0.6282498240470886,0.0010000000474974513,0.6752456426620483,0.660131573677063,0.7179087400436401,0.6197608709335327
1,0.655617892742157,0.7070412635803223,0.0010000000474974513,0.6266926527023315,0.6747683882713318,0.7375636100769043,0.6039661169052124
2,0.6670694947242737,0.7253709435462952,0.0010000000474974513,0.6131490468978882,0.680408239364624,0.7424318790435791,0.5992303490638733
3,0.672593891620636,0.731673002243042,0.0010000000474974513,0.6080551147460938,0.680542528629303,0.7425475716590881,0.5990253686904907
4,0.6783196926116943,0.7365972995758057,0.0010000000474974513,0.6041058897972107,0.6816167831420898,0.7443274259567261,0.5973442196846008
5,0.6799309253692627,0.7405235767364502,0.0010000000474974513,0.6012887358665466,0.6828253269195557,0.7455822229385376,0.5965093970298767
6,0.6826643943786621,0.7429991364479065,0.0010000000474974513,0.5985134243965149,0.6822881698608398,0.7473674416542053,0.5942969918251038
7,0.6823766231536865,0.7433986663818359,0.0010000000474974513,0.5985915064811707,0.6844366788864136,0.7473006248474121,0.5954723358154297
8,0.6837002038955688,0.745220422744751,0.0010000000474974513,0.5968146324157715,0.6832281351089478,0.7478373646736145,0.5941415429115295
9,0.6855416297912598,0.7458226680755615,0.0010000000474974513,0.5963109135627747,0.6855109333992004,0.7479925751686096,0.5938316583633423
10,0.6849662065505981,0.7476162314414978,0.0010000000474974513,0.5942679643630981,0.6844366788864136,0.7479641437530518,0.5942826867103577
11,0.6863185167312622,0.7494810819625854,0.0010000000474974513,0.5924531817436218,0.6837652921676636,0.7484290599822998,0.5935118198394775
12,0.6882463097572327,0.7504348754882812,0.0010000000474974513,0.592323899269104,0.6851081252098083,0.7482703328132629,0.5934845805168152
13,0.6891958117485046,0.7505097389221191,0.0010000000474974513,0.5923442840576172,0.6830938458442688,0.7485750913619995,0.5936357975006104
14,0.6884189248085022,0.7510811686515808,0.0010000000474974513,0.5915159583091736,0.6834967136383057,0.7493001818656921,0.5932859778404236
15,0.688505232334137,0.7519518136978149,0.0010000000474974513,0.5906192660331726,0.6829595565795898,0.7488591074943542,0.5931345224380493
16,0.6893684267997742,0.7508699297904968,0.0010000000474974513,0.5918008685112,0.6833624243736267,0.7488071322441101,0.5934156775474548
17,0.6880449056625366,0.7518531084060669,0.0010000000474974513,0.5904015302658081,0.6836310029029846,0.7486212253570557,0.5937315225601196
18,0.6897712349891663,0.752682089805603,0.0010000000474974513,0.5900687575340271,0.6837652921676636,0.7490860223770142,0.5929478406906128
19,0.69066321849823,0.7528054118156433,0.0010000000474974513,0.5895865559577942,0.6855109333992004,0.7489278316497803,0.5930907726287842
20,0.6915551424026489,0.7545080184936523,0.0010000000474974513,0.5881926417350769,0.6849738359451294,0.74927818775177,0.5929419994354248
21,0.691612720489502,0.7551859021186829,0.0010000000474974513,0.587925910949707,0.6849738359451294,0.7494698762893677,0.592985212802887
22,0.6920443177223206,0.7546923160552979,0.0010000000474974513,0.5885109901428223,0.6848395466804504,0.7492861747741699,0.592995822429657
23,0.6921882033348083,0.7554157972335815,0.0010000000474974513,0.5874491930007935,0.6853766441345215,0.7494480013847351,0.5925619006156921
24,0.6905769109725952,0.7551254034042358,0.0010000000474974513,0.5878582000732422,0.6855109333992004,0.7495807409286499,0.5930817723274231
25,0.6918429136276245,0.7547180652618408,0.0010000000474974513,0.5881518125534058,0.6849738359451294,0.7495404481887817,0.5929707884788513
26,0.6909797191619873,0.7564830780029297,0.0010000000474974513,0.586572527885437,0.6869880557060242,0.7496488690376282,0.5926116108894348
27,0.6936556100845337,0.7577946782112122,0.0010000000474974513,0.585286021232605,0.6853766441345215,0.7496128082275391,0.5924980044364929
28,0.6926197409629822,0.7566850781440735,0.0010000000474974513,0.5861628651618958,0.6840338110923767,0.7494076490402222,0.5929841995239258
29,0.6935405135154724,0.7597696185112,0.0005000000237487257,0.5832203030586243,0.6855109333992004,0.7491464614868164,0.5927345156669617
30,0.6931377053260803,0.7593570947647095,0.0005000000237487257,0.5833232998847961,0.6861823797225952,0.7495731115341187,0.5927308797836304
31,0.6956697106361389,0.7594594359397888,0.0005000000237487257,0.5832213759422302,0.6841681003570557,0.7494549751281738,0.5927128791809082
32,0.6943749189376831,0.7598989009857178,0.0005000000237487257,0.5832132697105408,0.6845709681510925,0.7489967346191406,0.5931865572929382
33,0.6964465379714966,0.7608464956283569,0.0005000000237487257,0.5825099945068359,0.6852423548698425,0.7494075894355774,0.5928665995597839
34,0.6925910115242004,0.7596741318702698,0.0002500000118743628,0.5828495025634766,0.6853766441345215,0.7493307590484619,0.5930020213127136
35,0.6956409215927124,0.7617470026016235,0.0002500000118743628,0.5816677808761597,0.6861823797225952,0.7493857741355896,0.5927225351333618
36,0.6956697106361389,0.7614049911499023,0.0002500000118743628,0.5816421508789062,0.6843023896217346,0.7491163015365601,0.5931854844093323
37,0.6964178085327148,0.7625848054885864,0.0002500000118743628,0.5806416869163513,0.6844366788864136,0.7491410970687866,0.5930851697921753
