variable,caida_auc,peso_relativo_pct
score_crediticio,0.17149559896056477,68.4273150662303
tasa_interes_ea,0.013704544543123606,5.468158908889227
numero_creditos_activos,0.008816131595632696,3.517665864407553
porcentaje_pagos_oportunos,0.006827003812820494,2.7239972552627716
tipo_contrato,0.0067335634085405145,2.6867142227981757
antiguedad_cliente_anios,0.006676006139057426,2.6637486806085082
linea_negocio,0.005707281711050172,2.2772244079777635
plazo_meses,0.0051768604581943585,2.0655845617836035
patrimonio_indice,0.00470059448917759,1.8755528541785125
monto_solicitado,0.004678451529614473,1.8667177395766936
saldo_total_creditos,0.0029002107932815844,1.157193764231786
antiguedad_laboral_anios,0.0028909424861028508,1.1534956788039747
edad,0.0023885906200980336,0.9530556114345216
estado_civil,0.002060473312131883,0.8221357129242048
dias_maximo_mora,0.0020220897779923788,0.8068205549852352
nivel_endeudamiento_pct,0.001114240457057621,0.44458565279074375
obligaciones_mensuales,0.0009812384458710206,0.3915174074301118
numero_cuotas_mora,0.000943107355895941,0.3763029755533875
ingreso_mensual,0.0008044794461884441,0.32098997794865536
ingreso_disponible,2.873055013896675e-06,0.0011463585178283634
cuota_estimada,1.9233841093887113e-07,7.674366645221383e-05
tipo_vivienda,-0.00016836823650393887,0.0
personas_a_cargo,-0.00033044941119919624,0.0
