Modelo,seed,Val_AUC,Val_Loss,Accuracy,Precision,Recall,F1,PR_AUC,Brier,mejor_época,epochs_trained,tiempo_s
P3_12_OPT_PAT16,42,0.7525,0.6025,68.94,68.89,69.06,0.6897,0.74749,0.2025,29,45,6.2
P3_12_OPT_PAT16,1,0.75078,0.6022,68.36,68.72,67.39,0.6805,0.74494,0.2029,37,53,7.1
P3_12_OPT_PAT16,7,0.75,0.6025,68.74,68.7,68.82,0.6876,0.74404,0.2029,39,55,7.5
P3_12_OPT_PAT16,21,0.75109,0.604,68.66,67.28,72.63,0.6985,0.74614,0.2033,33,49,6.6
P3_12_OPT_PAT16,2026,0.75078,0.6028,68.5,68.47,68.55,0.6851,0.74635,0.2028,32,48,6.5
P3_10_OPT_LR5_L2_3e5,42,0.75229,0.596,68.82,68.94,68.49,0.6871,0.74789,0.2026,32,44,6.1
P3_10_OPT_LR5_L2_3e5,1,0.74986,0.598,68.6,68.96,67.66,0.683,0.744,0.2033,27,39,5.4
P3_10_OPT_LR5_L2_3e5,7,0.74848,0.5985,68.55,68.28,69.27,0.6877,0.74311,0.2036,22,34,4.8
P3_10_OPT_LR5_L2_3e5,21,0.75077,0.5968,68.46,67.41,71.45,0.6937,0.74536,0.203,33,45,6.2
P3_10_OPT_LR5_L2_3e5,2026,0.75111,0.5962,68.38,68.66,67.61,0.6813,0.74585,0.2027,31,43,5.9
P3_06_ACT_ELU_64,42,0.75226,0.6003,68.71,68.48,69.33,0.689,0.74763,0.2022,50,62,8.5
P3_06_ACT_ELU_64,1,0.75211,0.6,68.83,68.72,69.11,0.6892,0.74684,0.2022,40,52,7.2
P3_06_ACT_ELU_64,7,0.75232,0.5992,68.81,68.66,69.19,0.6892,0.74756,0.2022,50,62,8.5
P3_06_ACT_ELU_64,21,0.75159,0.6012,68.32,67.46,70.78,0.6908,0.74639,0.2029,42,54,7.4
P3_06_ACT_ELU_64,2026,0.75189,0.6009,68.35,67.92,69.54,0.6872,0.74604,0.2024,35,47,6.6
P3_11_OPT_ADAMW_WD3e5,42,0.75225,0.5909,68.71,68.72,68.68,0.687,0.74775,0.2026,32,44,6.0
P3_11_OPT_ADAMW_WD3e5,1,0.74995,0.5923,68.19,68.06,68.52,0.6829,0.74393,0.2032,40,52,7.1
P3_11_OPT_ADAMW_WD3e5,7,0.74785,0.5938,68.36,68.32,68.47,0.6839,0.74218,0.2039,22,34,4.8
P3_11_OPT_ADAMW_WD3e5,21,0.75065,0.5915,68.52,67.42,71.69,0.6949,0.74568,0.203,33,45,6.2
P3_11_OPT_ADAMW_WD3e5,2026,0.75055,0.5912,68.47,68.79,67.61,0.6819,0.74529,0.2029,31,43,6.0
